{"cameraMode":{"drawMode":0,"name":"Shaded","section":"Shading Mode"},"sceneLighting":false,"audioPlay":false,"sceneViewState":{"showFog":true,"showMaterialUpdate":false,"showSkybox":false,"showFlares":true,"showImageEffects":true,"showParticleSystems":true},"in2DMode":false,"pivot":{"x":2.9670350551605226,"y":0.013069188222289086,"z":1.49462890625},"rotation":{"x":0.057692717760801318,"y":0.4096747040748596,"z":-0.025970006361603738,"w":0.9100427031517029},"size":0.5498098134994507,"orthographic":false}